,30mer,Target gene,Percent Peptide,Amino Acid Cut position,score_drug_gene_rank,score_drug_gene_threshold,drug,predictions,G_20,AA_18,GC_Count,A,GG,TT_17,MFE
0,CAGAAAAAAAAACACTGCAACAAGAGGGTA,CD5,72.87,360,0.083682008,0,nodrug,0.5444118584,0,0,11,17,1,0,-0.3
1,TTTTAAAAAACCTACCGTAAACTCGGGTCA,NF1,65.8,1868,0.868206522,1,PLX_2uM,0.6175122138,0,0,11,11,1,0,-3.5
2,TCAGAAAAAGCAGCGTCAGTGGATTGGCCC,CD5,84.21,416,0.184100418,0,nodrug,0.4762318347,0,0,16,9,1,0,-2.3
3,AATAAAAAATAGGATTCCCAGCTTTGGAAG,NF1,56.39,1601,0.432065217,0,PLX_2uM,0.4598820009,0,0,10,13,1,0,-1.8
4,GATGAAAAATATGTAAACAGCATTTGGGAC,CUL3,4.3,33,0.149350649,0,PLX_2uM,0.2908406197,1,0,10,13,1,0,-0.5
5,TTCCAAAAATTCTAACGTGAGGTGTGGCTC,NF1,67.7,1922,0.239130435,0,PLX_2uM,0.5704079655,0,0,13,8,1,0,-3.3
6,CCAGAAAACAACGGCCCAGGAGGGCGGCCA,CD5,52.23,258,0.188284519,0,nodrug,0.592484894,1,0,20,10,1,0,-8.4
7,TTAGAAAACATGTTCCAGAGCAGTTGGTAG,NF1,44.24,1256,0.533967391,0,PLX_2uM,0.6194023163,1,0,12,10,1,0,-1.8
8,GCCAAAAACCAGGGGCCGGTGCTGAGGGCA,MED12,16.31,355,0.579004329,0,AZD_200nM,0.4947430432,0,0,20,8,1,0,-6.8
9,GCCAAAAACCAGGGGCCGGTGCTGAGGGCA,MED12,16.31,355,0.612554113,0,PLX_2uM,0.4947430432,0,0,20,8,1,0,-6.8
10,AACAAAAACCTAGCCGGCTCCAAACGGGGA,TADA2B,78.1,328,0.084210526,0,AZD_200nM,0.3752269313,0,0,16,12,1,0,-4.2
11,CGTCAAAACTGGAAGGAATGTTTAGGGATA,CUL3,61.72,474,0.188311688,0,PLX_2uM,0.4143436943,1,0,12,11,1,0,-0.8
12,TTCAAAAAGATCGTACATGTTCACCGGAGG,TADA1,82.39,276,0.71559633,0,AZD_200nM,0.5607602117,0,0,13,10,1,0,0.0
13,ATACAAAAGGAAGATTGCTGATGAGGGCAG,CD45,41.95,474,0.581227437,0,nodrug,0.6174712871,1,0,13,12,1,0,-3.8
14,GGTGAAAAGGACCCCACGAAGTGTTGGATA,HPRT1,78.44,171,0.34375,0,6TG_2ug/mL,0.5004091901,0,0,15,10,1,0,-3.4
15,TCCTAAAAGGCAAGAAATGGAATCAGGGAT,NF1,90.17,2560,0.282608696,0,PLX_2uM,0.2402105197,1,0,12,13,1,0,-2.2
16,CAATAAAAGTATCAGTGTGTATAGAGGTGA,THY1,76.54,124,0.677419355,0,nodrug,0.5123059645,0,0,10,12,1,0,0.0
17,ATGAAAAATATGTAAACAGCATTTGGGACC,CUL3,4.3,33,0.246753247,0,PLX_2uM,0.4098619261,0,0,10,13,1,0,-0.5
18,TGATAAAATCTACAGTCATAGGAATGGATC,HPRT1,43.12,94,0.5625,0,6TG_2ug/mL,0.5861378369,0,0,10,12,1,0,-1.3
19,GTGCAAAATTAAAACGACTCCTGAAGGGTA,NF1,6.83,194,0.100543478,0,PLX_2uM,0.5083450384,0,0,12,12,1,0,-1.7
20,CACCAAACACAAGTGGGAGCAGGCTGGTGA,H2-K,46.07,170,0.692307692,0,nodrug,0.6424022417,0,0,17,10,1,0,-5.5
21,TTTAAAACAGACTTTCTCTCTAAGTGGTTT,NF1,58.51,1661,0.975543478,1,PLX_2uM,0.591609864,0,0,9,8,1,0,-2.0
22,AAGAAAACAGGGGCCCGAAACCCAAGGCAG,NF1,18.25,518,0.442934783,0,PLX_2uM,0.6313676905,0,1,17,13,1,0,-5.1
23,AACGAAACAGTGACGTTCCGTCTCTGGAAT,CD28,45.87,100,0.013513514,0,nodrug,0.443900453,1,0,14,9,1,0,-7.5
24,TGGAAAACAGTGTGCAGTTCCAGTTGGAGG,CD5,12.55,62,0.715481172,0,nodrug,0.6305218551,0,0,15,8,1,0,-2.6
25,TGAGAAACATAAGGAGTATAGCCCTGGAGG,MED12,89.25,1943,0.198051948,0,AZD_200nM,0.3551152317,0,0,14,11,1,0,-2.1
26,TGAGAAACATAAGGAGTATAGCCCTGGAGG,MED12,89.25,1943,0.1504329,0,PLX_2uM,0.3551152317,0,0,14,11,1,0,-2.1
27,TCCGAAACATCTCGTACAGTGACAAGGAGG,NF2,45.04,268,0.632286996,0,PLX_2uM,0.6712923254,0,0,15,10,1,0,-2.9
28,AAAAAAACATGATATCTAAGTTAAAGGTAA,CUL3,59.64,458,0.071428571,0,PLX_2uM,0.3396189216,1,1,6,17,1,0,-1.1
29,CCAAAAACCAGGGGCCGGTGCTGAGGGCAC,MED12,16.26,354,0.477272727,0,AZD_200nM,0.554644706,1,0,20,8,1,0,-4.7
30,CCAAAAACCAGGGGCCGGTGCTGAGGGCAC,MED12,16.26,354,0.533549784,0,PLX_2uM,0.554644706,1,0,20,8,1,0,-4.7
31,ACAAAAACCTAGCCGGCTCCAAACGGGGAA,TADA2B,78.1,328,0.126315789,0,AZD_200nM,0.3835387749,0,0,16,12,1,0,-4.2
32,CCAGAAACGCCTAAGCCTAGTTGTGGGGAT,CD45,19.56,221,0.657039711,0,nodrug,0.5713270027,1,0,16,8,1,0,-4.2
33,ACAGAAACTGATGGGCTGGCATTCTGGGCT,CD43,11.14,44,0.007246377,0,nodrug,0.1918936941,0,0,16,7,1,0,-3.2
34,TGCTAAACTGCCCACCTCAGTCCAGGGACA,MED12,66.1,1439,0.836580087,1,AZD_200nM,0.7059911675,1,0,17,8,1,0,-2.8
35,TGCTAAACTGCCCACCTCAGTCCAGGGACA,MED12,66.1,1439,0.851731602,1,PLX_2uM,0.7059911675,1,0,17,8,1,0,-2.8
36,CTTCAAAGAAGGCCACTCGGGACTTGGCGC,NF2,98.66,587,0.139013453,0,PLX_2uM,0.2260444309,1,0,18,7,1,0,-5.5
37,TGACAAAGACTTCTGTGTCCAGAAGGGCAA,CD45,1.5,17,0.996389892,1,nodrug,0.6728217154,0,0,14,10,1,0,-6.6
38,CCCCAAAGAGGAGGAGAAGGTGCAAGGCCA,CD43,1.01,4,0.644927536,0,nodrug,0.5940822656,1,0,18,11,1,0,-5.7
39,CAGAAAAGAGTGATGGCACTGCTGAGGCGC,NF1,26.88,763,0.690217391,0,PLX_2uM,0.6298749852,0,0,17,9,1,0,-3.4
40,ATGAAAAGATCTACTGCCCTCCTGAGGCTT,NF2,22.69,135,0.937219731,1,PLX_2uM,0.7471390019,0,0,14,8,1,0,-3.9
41,AAGGAAAGCAGACTTATGGAGACATGGAAG,CD45,80.62,911,0.725631769,0,nodrug,0.5854654185,0,0,13,13,1,0,-2.1
42,GAGGAAAGCAGCCAGGACAGCAGTGGGCAG,CD33,80.49,293,0.264069264,0,nodrug,0.540375454,1,0,19,10,1,0,-3.3
43,TGGTAAAGCAGTCGCCCCTGCTTGTGGTAG,CD28,13.76,30,0.405405405,0,nodrug,0.5893242228,1,0,17,5,1,0,-6.8
44,CTCAAAAGCATGTCTTGGTGCTGGTGGGAT,CUL3,68.62,527,0.279220779,0,PLX_2uM,0.4613847192,1,0,15,6,1,0,-10.3
45,ATGCAAAGCCATATGAAATTGTAGTGGACC,NF1,57.84,1642,0.964673913,1,PLX_2uM,0.7199002459,0,0,12,11,1,0,-2.0
46,ACGAAAAGCTCTTGCTGGCCATGGAGGAAG,NF1,10.92,310,0.369565217,0,PLX_2uM,0.6781406533,0,0,16,9,1,0,-3.1
47,AGGTAAAGCTCTTGTTTCTGAAGAAGGAGA,CUL3,43.1,331,0.62987013,0,PLX_2uM,0.4996671892,1,0,12,10,1,0,-3.4
48,AAGGAAAGCTTATCGGTTACGAGATGGTCA,TADA1,59.7,200,0.568807339,0,AZD_200nM,0.6154171379,0,0,13,10,1,1,-3.9
49,CCTCAAAGCTTCGTGTTAATAAGCTGGTAA,NF2,49.41,294,0.439461883,0,PLX_2uM,0.5705774338,0,1,12,9,1,0,-3.6
50,ATCAAAAGGAGATACTTACACAACAGGAAA,NF1,93.59,2657,0.669836957,0,PLX_2uM,0.2317550952,0,0,10,16,1,0,-0.6
51,ATTGAAAGGATCATCACGAAACTCTGGCAT,TADA1,91.94,308,0.23853211,0,AZD_200nM,0.4406354964,0,0,12,11,1,0,-0.8
52,CCTAAAAGGCAAGAAATGGAATCAGGGATC,NF1,90.21,2561,0.266304348,0,PLX_2uM,0.3890429003,0,0,13,13,1,0,-0.8
53,AGCAAAAGGCCACAGTTATTGTCATGGTCA,CD45,50.88,575,0.653429603,0,nodrug,0.674194574,0,0,13,10,1,0,-4.3
54,CTGAAAAGGCCCAGATCACCGAGGAGGAGG,NF2,65.88,392,0.600896861,0,PLX_2uM,0.7274310081,0,0,18,10,1,0,-2.3
55,CCGGAAAGGCCCGGATCCGCATCTTGGTGT,CUL3,2.08,16,0.506493506,0,PLX_2uM,0.484396172,0,0,19,5,1,0,-7.1
56,TGTTAAAGGCTGCTGGGGAAGAATTGGAGA,MED12,66.61,1450,0.653679654,0,AZD_200nM,0.433673934,0,0,14,9,1,0,-0.2
57,TGTTAAAGGCTGCTGGGGAAGAATTGGAGA,MED12,66.61,1450,0.762987013,0,PLX_2uM,0.433673934,0,0,14,9,1,0,-0.2
58,CCGCAAAGGGACAGCAGAAACTGGTGGGTT,MED12,36.29,790,0.699134199,0,AZD_200nM,0.6403670819,0,1,17,9,1,0,-5.3
59,CCGCAAAGGGACAGCAGAAACTGGTGGGTT,MED12,36.29,790,0.682900433,0,PLX_2uM,0.6403670819,0,1,17,9,1,0,-5.3
60,AAAAAAAGTAATTCACTTACAGTCTGGCTT,HPRT1,81.65,178,0.375,0,6TG_2ug/mL,0.4295260995,0,0,9,12,1,1,-0.5
61,CACAAAAGTAGTCGCCCTCATCCTTGGTGG,THY1,61.11,99,0.612903226,0,nodrug,0.5468501976,0,0,16,7,1,0,-3.1
62,CTGCAAAGTCTCTGGCAGGGGCGTAGGGCT,CD28,95.41,208,0.5,0,nodrug,0.3304016684,1,0,19,5,1,0,-7.5
63,GATGAAAGTGCGCAAACAGGTGGCAGGAAA,NF1,39.77,1129,0.22826087,0,PLX_2uM,0.5710475192,1,0,15,12,1,0,-2.3
64,TCAGAAATAATACCAACAACTGGAGGGAGA,CD13,76.53,740,0.752747253,0,nodrug,0.5760529154,0,1,12,14,1,0,-1.3
65,GTGGAAATACCAGTCAAATGTCCATGGATC,NF1,22.68,644,0.39673913,0,PLX_2uM,0.6243503475,1,0,13,10,1,0,-2.8
66,ACCCAAATCAAAGGAAATAGAAAATGGTCA,CUL3,85.16,654,0.75974026,0,PLX_2uM,0.3776143351,1,0,10,16,1,0,-0.8
67,GAGTAAATCCACTTACCTATAGGAAGGGTC,NF1,87.53,2485,0.546195652,0,PLX_2uM,0.5140931709,0,0,13,10,1,0,-3.8
68,CAGGAAATCCATGAGCCTGGACATGGGGCA,NF1,88.94,2525,0.710597826,0,PLX_2uM,0.4453548166,1,0,17,9,1,0,-6.1
69,CCAAAAATCCCCGCTTGTGAACACTGGGGT,NF2,26.39,157,0.502242152,0,PLX_2uM,0.5168211871,0,0,16,8,1,0,-5.9
70,TTCCAAATCCTCAGCATAATGATTAGGTAT,HPRT1,12.39,27,0.3125,0,6TG_2ug/mL,0.5035094466,0,1,10,10,1,0,-1.4
71,TAATAAATCTGTATCAGATGACTCCGGAAA,NF2,30.25,180,0.34529148,0,PLX_2uM,0.6508489781,1,0,10,12,1,0,-2.9
72,TTCTAAATGACATTTATTATGCTTCGGAAA,NF1,62.87,1785,0.225543478,0,PLX_2uM,0.4310209889,0,0,8,10,1,1,-1.0
73,CCAGAAATGATGATTGCTGCTCAGGGGCCA,CD45,76.28,862,0.931407942,1,nodrug,0.629647012,0,0,16,8,1,0,-2.3
74,CGATAAATGCCAGGAAGCTACTGCAGGTAT,MED12,20.58,448,0.801948052,1,AZD_200nM,0.620321017,0,0,14,10,1,0,-3.7
75,CGATAAATGCCAGGAAGCTACTGCAGGTAT,MED12,20.58,448,0.890692641,1,PLX_2uM,0.620321017,0,0,14,10,1,0,-3.7
76,TCCAAAATGCTAAGTGTGGAAATGAGGATT,CD45,6.55,74,0.386281588,0,nodrug,0.5747327853,0,0,11,11,1,0,-2.4
77,TGCAAAATTAAAACGACTCCTGAAGGGTAA,NF1,6.83,194,0.900815217,1,PLX_2uM,0.6817258651,0,0,11,13,1,0,-1.7
78,TCATAAATTCCTCAAACTTTGAACTGGTAA,NF1,55.2,1567,0.75951087,0,PLX_2uM,0.4457953822,0,0,9,11,1,0,0.0
79,ATCCAAATTTCTGGCTGCAAGTGCAGGAGT,CD33,6.87,25,0.201298701,0,nodrug,0.5120353802,0,0,14,8,1,0,-5.9
80,GATAAAATTTGGCCAAGAAGTGAAAGGTGA,NF2,15.97,95,0.677130045,0,PLX_2uM,0.6506766709,1,1,11,13,1,0,-1.1
81,TTCCAACAAAATGTCAGAATGGATTGGCTC,CD45,40.71,460,0.288808664,0,nodrug,0.4860502206,0,1,12,10,1,0,-2.3
82,GATGAACAACAGGAACTCGTTGAAAGGGGT,CD45,39.47,446,0.458483755,0,nodrug,0.4816440129,0,0,14,11,1,0,-2.5
83,AGACAACAAGAGCTCTTGGTTGCAGGGATG,NF1,79.08,2245,0.61548913,0,PLX_2uM,0.4554503216,0,0,15,9,1,0,-3.5
84,TAGAAACAATATTGGATAAAGCAATGGTCC,CUL3,54.04,415,0.285714286,0,PLX_2uM,0.5916450041,0,1,10,13,1,0,-1.4
85,AAGCAACAATGGCCAACGAAGCACTGGTGA,NF2,62.69,373,0.874439462,1,PLX_2uM,0.5487629834,0,0,15,12,1,0,-2.5
86,TCAAAACACTCAAGCACCCAGGTCAGGAAC,MED12,11.76,256,0.861471861,1,AZD_200nM,0.5617918933,0,0,15,12,1,0,-0.9
87,TCAAAACACTCAAGCACCCAGGTCAGGAAC,MED12,11.76,256,0.811688312,1,PLX_2uM,0.5617918933,0,0,15,12,1,0,-0.9
88,TGGTAACACTGAGACAGCTTCTCCTGGGCA,CD5,69.64,344,0.468619247,0,nodrug,0.4556350807,0,0,16,7,1,0,-2.5
89,GAGGAACAGAAGAACTTCCAGAGGAGGAGG,MED12,57.46,1251,0.795454545,0,AZD_200nM,0.6694770671,0,0,16,12,1,0,-5.0
90,GAGGAACAGAAGAACTTCCAGAGGAGGAGG,MED12,57.46,1251,0.856060606,1,PLX_2uM,0.6694770671,0,0,16,12,1,0,-5.0
91,CAGCAACAGACAGCAGCTTTGGTCCGGCAA,MED12,98.99,2155,0.00974026,0,AZD_200nM,0.1708750175,0,0,17,9,1,0,-2.0
92,CAGCAACAGACAGCAGCTTTGGTCCGGCAA,MED12,98.99,2155,0.03030303,0,PLX_2uM,0.1708750175,0,0,17,9,1,0,-2.0
93,CCAGAACAGCAACGGTCGCCATGTTGGAGA,H2-K,82.66,305,0.426035503,0,nodrug,0.5072004452,0,0,17,9,1,0,-3.8
94,CGCCAACAGCAGGAGCAGCGTGCACGGTAC,H2-K,1.36,5,0.769230769,0,nodrug,0.6002272873,1,0,20,8,1,0,-5.4
95,GTCAAACAGCTCACTGATCTGGGCCGGCGT,CD13,48.29,467,0.685714286,0,nodrug,0.5450770953,0,0,18,6,1,0,-5.2
96,AGACAACAGCTGAAACAGCCTCCTCGGTGA,TADA1,50.75,170,0.834862385,1,AZD_200nM,0.5568530269,0,0,16,10,1,0,-3.2
97,TGGAAACAGTCACAGAAGCTTTGTTGGAGA,NF1,77.81,2209,0.523097826,0,PLX_2uM,0.3545229735,0,0,13,10,1,0,-0.8
98,CTGTAACAGTGGACGAACTCGCCACGGATC,NF1,99.12,2814,0.044836957,0,PLX_2uM,0.241392569,0,0,17,8,1,0,-6.9
99,CATGAACATGACTCCCCGGAGGCCTGGGCT,CD28,89.91,196,0.054054054,0,nodrug,0.2430828261,0,0,19,6,1,0,-6.7
100,GGTCAACATGTCTCTTCTTAACCTTGGTCT,MED12,8.04,175,0.594155844,0,AZD_200nM,0.5011373614,0,0,13,5,1,0,0.0
101,GGTCAACATGTCTCTTCTTAACCTTGGTCT,MED12,8.04,175,0.698051948,0,PLX_2uM,0.5011373614,0,0,13,5,1,0,0.0
